{"hit": {"train_auc": 0.4956480540754746, "brier_score": 0.1648935228586197, "n_samples": 4547, "n_features": 50, "pos_rate": 0.5733450626786892}, "hr": {"train_auc": 0.4832762853541226, "brier_score": 0.0999070480465889, "n_samples": 4547, "n_features": 50, "pos_rate": 0.11040246316252474}, "hits": {"train_mae": 0.5390116467228893, "n_samples": 4547, "n_features": 50, "target_mean": 0.822740268308775}, "tb": {"train_mae": 1.023300254698677, "n_samples": 4547, "n_features": 50, "target_mean": 1.3624367714976908}, "rbi": {"train_mae": 0.47948263213629866, "n_samples": 4547, "n_features": 50, "target_mean": 0.442269628326369}, "k": {"train_mae": 0.5250238627430903, "n_samples": 4547, "n_features": 50, "target_mean": 0.7917308115240818}, "runs": {"train_mae": 0.44275408027273133, "n_samples": 4547, "n_features": 50, "target_mean": 0.4620628986144711}}