{"hit": {"train_auc": 0.4905273894990992, "brier_score": 0.16380086541175842, "n_samples": 4536, "n_features": 50, "pos_rate": 0.5736331569664903}, "hr": {"train_auc": 0.48654321714699356, "brier_score": 0.10209529846906662, "n_samples": 4536, "n_features": 50, "pos_rate": 0.11044973544973545}, "hits": {"train_mae": 0.5372149924525081, "n_samples": 4536, "n_features": 50, "target_mean": 0.8229717813051146}, "tb": {"train_mae": 1.0172523428887996, "n_samples": 4536, "n_features": 50, "target_mean": 1.3624338624338623}, "rbi": {"train_mae": 0.4822579656584505, "n_samples": 4536, "n_features": 50, "target_mean": 0.4420194003527337}, "k": {"train_mae": 0.5261045575394038, "n_samples": 4536, "n_features": 50, "target_mean": 0.7914462081128748}, "runs": {"train_mae": 0.43987357515870057, "n_samples": 4536, "n_features": 50, "target_mean": 0.46141975308641975}}