{"hit": {"train_auc": 0.5025424773545619, "brier_score": 0.16711629927158356, "n_samples": 5070, "n_features": 50, "pos_rate": 0.5755424063116371}, "hr": {"train_auc": 0.493452167060713, "brier_score": 0.10860889405012131, "n_samples": 5070, "n_features": 50, "pos_rate": 0.10670611439842209}, "hits": {"train_mae": 0.5474039476298722, "n_samples": 5070, "n_features": 50, "target_mean": 0.8226824457593689}, "tb": {"train_mae": 1.0290531541997865, "n_samples": 5070, "n_features": 50, "target_mean": 1.349112426035503}, "rbi": {"train_mae": 0.48966614115244805, "n_samples": 5070, "n_features": 50, "target_mean": 0.43846153846153846}, "k": {"train_mae": 0.5346515264823166, "n_samples": 5070, "n_features": 50, "target_mean": 0.7960552268244576}, "runs": {"train_mae": 0.4484263009765999, "n_samples": 5070, "n_features": 50, "target_mean": 0.452465483234714}}