{"pts": {"train_mae": 2.9277305112604655, "n_samples": 1597, "n_features": 30, "target_mean": 11.149655604257983}, "reb": {"train_mae": 1.317380958504429, "n_samples": 1597, "n_features": 30, "target_mean": 4.526612398246713}, "ast": {"train_mae": 0.7847896174102137, "n_samples": 1597, "n_features": 30, "target_mean": 2.3944896681277394}, "fg3m": {"train_mae": 0.5756570702604134, "n_samples": 1597, "n_features": 30, "target_mean": 1.293049467752035}, "stocks": {"train_mae": 0.5942062741220138, "n_samples": 1597, "n_features": 30, "target_mean": 1.2855353788353163}, "dd": {"train_auc": 0.35792325730502234, "brier_score": 0.025607211515307426, "n_samples": 1597, "n_features": 30, "pos_rate": 0.08015028177833437}}