{"pts": {"train_mae": 3.6245614136261666, "n_samples": 3422, "n_features": 30, "target_mean": 10.981589713617767}, "reb": {"train_mae": 1.5025840573740032, "n_samples": 3422, "n_features": 30, "target_mean": 4.0409117475160725}, "ast": {"train_mae": 1.050169644371102, "n_samples": 3422, "n_features": 30, "target_mean": 2.4976621858562242}, "fg3m": {"train_mae": 0.6658859403722059, "n_samples": 3422, "n_features": 30, "target_mean": 1.1867329047340736}, "stocks": {"train_mae": 0.7857336027320193, "n_samples": 3422, "n_features": 30, "target_mean": 1.3632378725891292}, "dd": {"train_auc": 0.7143200924758302, "brier_score": 0.05165578052401543, "n_samples": 3422, "n_features": 30, "pos_rate": 0.08825248392752776}}