{"train_auc": 0.5186316154559614, "brier_score": 0.0982709750533104, "n_samples": 2144, "n_features": 18, "pos_rate": 0.15391791044776118}