{"train_auc": 0.5577451745418832, "brier_score": 0.10768765956163406, "n_samples": 2236, "n_features": 18, "pos_rate": 0.17128801431127014}